Title,Price
It&#39;s Only the Himalayas,4517
Full Moon over Noahâs Ark: An Odyssey to Mount Ararat and Beyond,4943
See America: A Celebration of Our National Parks &amp; Treasured Sites,4887
Vagabonding: An Uncommon Guide to the Art of Long-Term World Travel,3694
Under the Tuscan Sun,3733
A Summer In Europe,4434
The Great Railway Bazaar,3054
A Year in Provence (Provence #1),5688
The Road to Little Dribbling: Adventures of an American in Britain (Notes From a Small Island #2),2321
Neither Here nor There: Travels in Europe,3895
"1,000 Places to See Before You Die",2608
